R,G,B,H,S,V,HEX,Color_Name
150,169,111,79,34,66,#96a96f,green
103,199,232,195,55,90,#67c7e8,blue
188,229,49,73,78,89,#bce531,green
234,153,30,36,87,91,#ea991e,orange
162,111,220,268,49,86,#a26fdc,purble
233,139,51,29,78,91,#e98b33,orange
76,90,33,74,63,35,#4c5a21,green
209,97,88,4,57,81,#d16158,orange
197,167,204,288,18,80,#c5a7cc,purple
46,209,139,154,77,81,#2ed18b,green
70,68,252,240,73,98,#4644fc,blue
237,171,68,36,71,92,#edab44,orange
35,119,146,194,76,57,#237792,blue
97,115,208,230,53,81,#6173d0,blue
243,116,90,10,62,95,#f3745a,orange
210,163,213,296,23,83,#d2a3d5,purple
173,84,153,313,51,67,#ad5499,purple
150,253,123,107,51,99,#96fd7b,green
210,51,185,309,75,82,#d233b9,pink
86,134,122,165,35,52,#56867a,green
80,220,243,188,67,95,#50dcf3,blue
167,175,210,228,20,82,#a7afd2,purple
209,132,178,324,36,81,#d184b2,pink
19,214,166,165,91,83,#13d6a6,green
243,212,176,32,27,95,#f3d4b0,paige
67,57,12,49,82,26,#43390c,darkgreen
196,164,18,49,90,76,#c4a412,yellow
90,144,19,85,86,56,#5a9013,green
165,145,223,255,34,87,#a591df,purple
122,25,206,272,87,80,#7a19ce,purple
94,100,144,232,34,56,#5e6490,purple
76,249,99,127,69,97,#4cf963,green
67,131,113,163,48,51,#438371,green
80,214,163,157,62,83,#50d6a3,green
181,114,19,35,89,70,#b57213,orange
93,101,93,120,7,39,#5d655d,grey
163,49,2,17,98,63,#a33102,orange
38,70,194,227,80,76,#2646c2,blue
96,230,62,107,73,90,#60e63e,green
242,118,117,0,51,94,#f27675,pink
183,226,215,164,19,88,#b7e2d7,lightblue
250,253,107,61,57,99,#fafd6b,yellow
44,240,36,117,85,94,#2cf024,green
167,233,15,78,93,91,#a7e90f,greeen
213,226,8,63,96,88,#d5e208,green
84,60,188,251,68,73,#543cbc,purple
59,169,9,101,94,66,#3ba909,green
64,107,109,182,41,42,#406b6d,darkblue
66,75,224,236,70,87,#424be0,blue
140,201,27,81,86,78,#8cc91b,green
24,106,237,216,89,92,#186aed,blue
231,213,24,54,89,90,#e7d518,yellow
249,76,83,357,69,97,#f94c53,lightred
145,58,120,317,60,56,#913a78,purple
60,143,113,158,58,56,#3c8f71,green
212,44,64,352,79,83,#d42c40,red
201,240,137,82,42,94,#c9f089,lightgreen
88,43,93,294,53,36,#582b5d,purple
78,87,191,235,59,74,#4e57bf,blue
57,5,18,345,91,22,#390512,darkred
118,35,134,290,73,52,#762386,purple
130,129,79,58,39,50,#82814f,lightgreen
128,47,15,16,88,50,#802f0f,orange
24,252,100,139,90,98,#18fc64,green
181,34,121,324,81,70,#b52279,pink
21,164,30,123,87,64,#15a41e,green
214,3,40,349,98,83,#d60328,red
72,175,209,194,65,81,#48afd1,blue
236,3,61,345,98,92,#ec033d,red
97,210,213,181,54,83,#61d2d5,blue
176,69,203,287,66,79,#b045cb,purple
147,135,165,264,18,64,#9387a5,purple
119,218,13,88,94,85,#77da0d,green
220,129,93,17,57,86,#dc815d,lightorange
96,179,209,195,54,81,#60b3d1,blue
218,35,151,321,83,85,#da2397,pink
132,226,128,117,43,88,#84e280,green
87,116,61,91,47,45,#57743d,green
185,33,142,316,82,72,#b9218e,pink
86,110,144,215,40,56,#566e90,darkblue
135,85,188,269,54,73,#8755bc,purple
63,41,215,247,80,84,#3f29d7,blue
130,132,88,62,33,51,#828458,lightgreen
161,184,77,72,58,72,#a1b84d,green
239,118,146,346,50,93,#ef7692,pink
138,188,37,79,80,73,#8abc25,green
99,31,76,320,68,38,#631f4c,purple
89,89,75,60,15,34,#59594b,grey
220,231,90,64,61,90,#dce75a,lightgreen
103,114,189,232,45,74,#6772bd,blue
215,203,204,354,5,84,#d7cbcc,lightpurple
200,51,199,300,74,78,#c833c7,pink
199,11,139,319,94,78,#c70b8b,pink
162,50,149,306,69,63,#a23295,purple
166,93,175,293,46,68,#a65daf,purple
242,192,141,30,41,94,#f2c08d,paige
158,115,127,343,27,61,#9e737f,lightpurple
143,29,112,316,79,56,#8f1d70,purple
233,29,86,343,87,91,#e91d56,red
74,81,84,198,11,32,#4a5154,grey
116,121,119,156,4,47,#747977,grey
238,129,67,21,71,93,#ee8143,orange
214,56,211,301,73,83,#d638d3,pink
191,229,222,168,16,89,#bfe5de,lightblue
11,100,131,195,91,51,#0b6483,blue
13,3,69,249,95,27,#0d0345,blue
183,107,183,300,41,71,#b76bb7,pink
179,207,177,116,14,81,#b3cfb1,lightgreen
48,20,6,20,87,18,#301406,brown
49,181,243,199,79,95,#31b5f3,blue
37,208,109,145,82,81,#25d06d,green
106,115,136,222,22,53,#6a7388,lightpurple
166,251,187,134,33,98,#a6fbbb,lightgreen
109,251,121,125,56,98,#6dfb79,green
111,175,25,85,85,68,#6faf19,green
196,41,47,357,79,76,#c4292f,red
225,143,23,35,89,88,#e18f17,orange
176,141,11,47,93,69,#b08d0b,yellow
135,151,126,98,16,59,#87977e,lightgreen
88,202,125,139,56,79,#58ca7d,green
64,110,21,91,80,43,#406e15,green
29,16,12,14,58,11,#1d100c,brown
46,125,78,144,63,49,#2e7d4e,green
29,234,250,184,88,98,#1deafa,blue
192,113,183,306,41,75,#c071b7,purple
147,126,250,250,49,98,#937efa,purple
143,124,253,248,50,99,#8f7cfd,purple
98,184,77,108,58,72,#62b84d,green
72,136,253,218,71,99,#4888fd,blue
117,99,255,246,61,100,#7563ff,purple
214,118,233,290,49,91,#d676e9,pink
128,59,136,293,56,53,#803b88,purple
118,210,241,195,51,94,#76d2f1,blue
227,29,149,323,87,89,#e31d95,pink
83,39,212,255,81,83,#5327d4,darkblue
83,32,45,344,61,32,#53202d,brown
65,191,163,166,65,74,#41bfa3,lightgreen
65,223,125,142,70,87,#41df7d,green
164,83,219,275,62,85,#a453db,purple
225,208,156,45,30,88,#e1d09c,paige
106,164,238,213,55,93,#6aa4ee,blue
249,244,91,58,63,97,#f9f45b,yellow
244,58,208,311,76,95,#f43ad0,pink
6,23,160,233,96,62,#0617a0,blue
217,20,8,3,96,85,#d91408,red
43,46,51,217,15,20,#2b2e33,grey
227,57,243,294,76,95,#e339f3,pink
113,186,130,133,39,72,#71ba82,green
70,17,149,264,88,58,#461195,purple
229,104,72,12,68,89,#e56848,orange
6,239,6,120,97,93,#06ef06,green
124,254,54,98,78,99,#7cfe36,green
59,174,30,107,82,68,#3bae1e,green
19,140,66,143,86,54,#138c42,green
137,31,135,301,77,53,#891f87,purple
89,48,181,258,73,70,#5930b5,purple
143,61,86,341,57,56,#8f3d56,darkpink
213,169,46,44,78,83,#d5a92e,yellow
194,155,197,295,21,77,#c29bc5,purple
244,224,184,39,24,95,#f4e0b8,paige
65,218,246,189,73,96,#41daf6,blue
79,46,20,26,74,30,#4f2e14,brown
143,116,250,252,53,98,#8f74fa,purple
25,39,77,223,67,30,#19274d,blue
99,209,136,140,52,81,#63d188,green
243,223,241,306,8,95,#f3dff1,lightpurple
96,238,160,147,59,93,#60eea0,green
215,236,125,71,47,92,#d7ec7d,lightgreen
222,125,97,13,56,87,#de7d61,lightorange
82,42,82,300,48,32,#522a52,purple
71,54,1,45,98,27,#473601,darkgreen
234,198,222,320,15,91,#eac6de,lightpurple
6,58,104,208,94,40,#063a68,blue
172,30,54,349,82,67,#ac1e36,red
226,231,51,61,77,90,#e2e733,yellow
182,198,7,65,96,77,#b6c607,green
68,10,86,285,88,33,#440a56,purple
83,118,161,213,48,63,#5376a1,blue
31,232,135,151,86,90,#1fe887,green
58,48,9,47,84,22,#3a3009,darkgreen
5,112,65,153,95,43,#057041,green
193,209,239,219,19,93,#c1d1ef,lightpurple
130,228,158,137,42,89,#82e49e,green
35,225,131,150,84,88,#23e183,green
252,118,72,15,71,98,#fc7648,orange
221,82,57,9,74,86,#dd5239,red
24,25,220,239,89,86,#1819dc,blue
127,238,83,102,65,93,#7fee53,green
237,116,203,316,51,92,#ed74cb,pink
46,235,35,116,85,92,#2eeb23,green
127,66,46,14,63,49,#7f422e,brown
6,76,242,222,97,94,#064cf2,blue
37,89,180,218,79,70,#2559b4,blue
228,1,233,298,99,91,#e401e9,pink
96,238,88,116,63,93,#60ee58,green
140,155,22,66,85,60,#8c9b16,darkgreen
128,109,147,270,25,57,#806d93,purple
120,63,163,274,61,63,#783fa3,purple
218,58,180,314,73,85,#da3ab4,pink
253,232,184,41,27,99,#fde8b8,paige
161,219,238,194,32,93,#a1dbee,blue
50,171,70,129,70,67,#32ab46,green
37,171,63,131,78,67,#25ab3f,green
181,99,153,320,45,70,#b56399,purple
212,134,76,25,64,83,#d4864c,orange
18,251,124,147,92,98,#12fb7c,green
208,194,243,257,20,95,#d0c2f3,purple
173,126,100,21,42,67,#ad7e64,paige
137,9,5,1,96,53,#890905,red
245,144,33,31,86,96,#f59021,orange
114,226,228,181,50,89,#72e2e4,blue
144,90,230,263,60,90,#905ae6,purple
189,211,148,80,29,82,#bdd394,lightgreen
202,47,229,291,79,89,#ca2fe5,purple
180,191,183,136,5,74,#b4bfb7,lightgrey
36,174,88,142,79,68,#24ae58,green
86,31,236,256,86,92,#561fec,blue
183,93,124,339,49,71,#b75d7c,pink
27,32,87,235,68,34,#1b2057,blue
50,59,154,234,67,60,#323b9a,blue
72,229,154,151,68,89,#48e59a,green
75,229,58,114,74,89,#4be53a,green
88,161,62,104,61,63,#58a13e,green
23,35,92,229,75,36,#17235c,blue
132,215,239,193,44,93,#84d7ef,blue
7,133,184,197,96,72,#0785b8,blue
70,170,212,197,66,83,#46aad4,blue
19,84,210,219,90,82,#1354d2,blue
69,244,164,152,71,95,#45f4a4,green
176,253,23,80,90,99,#b0fd17,green
19,151,46,132,87,59,#13972e,green
46,151,67,132,69,59,#2e9743,green
130,53,189,273,71,74,#8235bd,purple
78,147,197,205,60,77,#4e93c5,blue
180,14,99,329,92,70,#b40e63,pink
16,76,98,196,83,38,#104c62,blue
233,225,121,55,48,91,#e9e179,yellow
63,214,55,116,74,83,#3fd637,green
4,73,246,222,98,96,#0449f6,blue
169,182,117,72,35,71,#a9b675,lightgreen
249,167,191,342,32,97,#f9a7bf,pink
204,144,147,357,29,80,#cc9093,lightpurple
112,170,25,83,85,66,#70aa19,green
103,71,99,307,31,40,#674763,purple
83,81,222,240,63,87,#5351de,blue
105,54,254,255,78,99,#6936fe,blue
105,255,36,101,85,100,#69ff24,green
162,109,86,18,46,63,#a26d56,brown
170,63,117,329,62,66,#aa3f75,pink
100,189,100,120,47,74,#64bd64,green
97,34,112,288,69,43,#612270,purple
137,13,169,287,92,66,#890da9,purple
211,161,2,45,99,82,#d3a102,yellow
43,121,35,114,71,47,#2b7923,green
165,8,181,294,95,70,#a508b5,pink
62,3,97,277,96,38,#3e0361,purple
201,22,63,346,89,78,#c9163f,red
199,19,111,329,90,78,#c7136f,pink
203,74,95,350,63,79,#cb4a5f,pink
105,159,118,134,33,62,#699f76,green
209,171,179,347,18,81,#d1abb3,lightpurple
40,42,147,238,72,57,#282a93,blue
50,215,141,153,76,84,#32d78d,green
66,84,139,225,52,54,#42548b,blue
149,113,178,273,36,69,#9571b2,purple
59,69,41,81,40,27,#3b4529,green
182,250,159,104,36,98,#b6fa9f,green
76,0,130,275,100,50,#4c0082,purple
250,23,138,329,90,98,#fa178a,pink
129,228,164,141,43,89,#81e4a4,green
31,241,219,173,87,94,#1ff1db,blue
235,87,123,345,62,92,#eb577b,pink
35,60,151,227,76,59,#233c97,blue
234,71,82,355,69,91,#ea4752,red
149,2,51,340,98,58,#950233,red
119,144,175,213,32,68,#7790af,blue
191,143,110,24,42,74,#bf8f6e,paige
252,115,77,13,69,98,#fc734d,orange
213,143,51,34,76,83,#d58f33,yellow
241,192,72,42,70,94,#f1c048,yellow
44,179,209,190,78,81,#2cb3d1,blue
116,143,115,117,19,56,#748f73,green
195,50,0,15,100,76,#c33200,red
140,211,183,156,33,82,#8cd3b7,blue
104,204,188,170,49,80,#68ccbc,blue
83,31,221,256,85,86,#531fdd,purple
128,62,34,17,73,50,#803e22,brown
7,13,104,236,93,40,#070d68,blue
209,234,193,96,17,91,#d1eac1,lightgreen
176,43,12,11,93,69,#b02b0c,red
251,40,74,350,84,98,#fb284a,pink
24,19,140,242,86,54,#18138c,blue
92,29,242,257,88,94,#5c1df2,blue
233,238,145,63,39,93,#e9ee91,lightgreen
144,157,102,74,35,61,#909d66,green
54,9,121,264,92,47,#360979,purple
114,172,222,207,48,87,#72acde,blue
192,91,41,19,78,75,#c05b29,orange
95,102,200,236,52,78,#5f66c8,blue
97,189,176,171,48,74,#61bdb0,blue
238,101,50,16,78,93,#ee6532,orange
112,207,177,161,45,81,#70cfb1,green
131,206,224,191,41,87,#83cee0,blue
63,162,59,117,63,63,#3fa23b,green
47,239,32,115,86,93,#2fef20,green
5,125,245,210,97,96,#057df5,blue
35,163,229,200,84,89,#23a3e5,blue
243,151,236,304,37,95,#f397ec,pink
19,179,120,157,89,70,#13b378,green
230,110,226,302,52,90,#e66ee2,pink
96,254,138,135,62,99,#60fe8a,green
112,123,172,229,34,67,#707bac,blue
179,126,75,29,58,70,#b37e4b,brown
90,127,117,163,29,49,#5a7f75,green
31,123,246,214,87,96,#1f7bf6,blue
21,212,186,171,90,83,#15d4ba,lightblue
181,105,83,13,54,70,#b56953,brown
222,188,229,289,17,89,#debce5,purple
7,149,171,188,95,67,#0795ab,blue
80,23,133,271,82,52,#501785,pruple
176,236,22,76,90,92,#b0ec16,green
197,225,236,196,16,92,#c5e1ec,lightblue
16,33,147,232,89,57,#102193,blue
5,50,70,198,92,27,#053246,darkblue
85,181,74,113,59,70,#55b54a,green
110,191,113,122,42,74,#6ebf71,green
220,193,147,37,33,86,#dcc193,paige
87,167,112,138,47,65,#57a770,green
47,245,27,114,88,96,#2ff51b,green
167,157,202,253,22,79,#a79dca,purple
37,253,210,168,85,99,#25fdd2,blue
119,224,170,149,46,87,#77e0aa,blue
216,163,17,44,92,84,#d8a311,yellow
6,54,227,226,97,89,#0636e3,blue
124,33,95,319,73,48,#7c215f,purple
18,202,247,191,92,96,#12caf7,blue
218,231,117,66,49,90,#dae775,green
205,179,51,49,75,80,#cdb333,yellow
96,210,67,107,68,82,#60d243,green
30,135,116,169,77,52,#1e8774,green
10,114,57,147,91,44,#0a7239,green
185,61,182,301,67,72,#b93db6,purple
190,174,120,46,36,74,#beae78,paige
235,246,98,64,60,96,#ebf662,yellow
118,150,80,87,46,58,#769650,green
250,138,142,357,44,98,#fa8a8e,pink
142,80,73,6,48,55,#8e5049,brown
13,164,165,180,92,64,#0da4a5,blue
209,16,61,346,92,81,#d1103d,red
59,156,136,167,62,61,#3b9c88,blue
50,39,228,243,82,89,#3227e4,blue
76,11,66,309,85,29,#4c0b42,purple
6,152,185,191,96,72,#0698b9,blue
200,29,221,293,86,86,#c81ddd,pink
18,206,165,166,91,80,#12cea5,blue
41,215,195,173,80,84,#29d7c3,blue
